country,Percent_change,Year,Remittance
Afghanistan,,1990,0
Afghanistan,,1995,0
Afghanistan,,2000,0
Afghanistan,,2005,0
Afghanistan,,2010,342
Afghanistan,-11.98830409,2015,301
Albania,-100,1990,0
Albania,,1995,428
Albania,39.719626168,2000,598
Albania,115.71906355,2005,1290
Albania,-10.3875969,2010,1156
Albania,-9.429065744,2015,1047
Algeria,-66.38013372,1990,352
Algeria,218.18181818,1995,1120
Algeria,-29.46428571,2000,790
Algeria,160.75949367,2005,2060
Algeria,-0.776699029,2010,2044
Algeria,-2.152641879,2015,2000
American Samoa,-100,1990,0
American Samoa,,1995,0
American Samoa,,2000,0
American Samoa,,2005,0
American Samoa,,2010,0
American Samoa,,2015,0
Andorra,,1990,0
Andorra,,1995,0
Andorra,,2000,0
Andorra,,2005,0
Andorra,,2010,0
Andorra,,2015,0
Angola,,1990,0
Angola,,1995,0
Angola,,2000,0
Angola,,2005,0
Angola,,2010,29
Angola,-62.06896552,2015,11
Antigua and Barbuda,18.181818182,1990,13
Antigua and Barbuda,-76.92307692,1995,3
Antigua and Barbuda,600,2000,21
Antigua and Barbuda,-14.28571429,2005,18
Antigua and Barbuda,11.111111111,2010,20
Antigua and Barbuda,5,2015,21
Argentina,-100,1990,0
Argentina,,1995,64
Argentina,34.375,2000,86
Argentina,402.3255814,2005,432
Argentina,49.074074074,2010,644
Argentina,-23.29192547,2015,494
Armenia,-100,1990,0
Armenia,,1995,65
Armenia,33.846153846,2000,87
Armenia,951.72413793,2005,915
Armenia,82.404371585,2010,1669
Armenia,-10.6650689,2015,1491
Aruba,-100,1990,0
Aruba,,1995,4
Aruba,100,2000,8
Aruba,-87.5,2005,1
Aruba,400,2010,5
Aruba,60,2015,8
Australia,29500,1990,2368
Australia,-30.27871622,1995,1651
Australia,15.324046033,2000,1904
Australia,-50.6302521,2005,940
Australia,98.29787234,2010,1864
Australia,14.860515021,2015,2141
Austria,-70.34096217,1990,635
Austria,253.22834646,1995,2243
Austria,-19.34908605,2000,1809
Austria,27.971254837,2005,2315
Austria,28.898488121,2010,2984
Austria,-4.624664879,2015,2846
Azerbaijan,-100,1990,0
Azerbaijan,,1995,3
Azerbaijan,1800,2000,57
Azerbaijan,992.98245614,2005,623
Azerbaijan,126.32423756,2010,1410
Azerbaijan,-9.929078014,2015,1270
Bahamas The,-100,1990,0
Bahamas The,,1995,0
Bahamas The,,2000,0
Bahamas The,,2005,0
Bahamas The,,2010,0
Bahamas The,,2015,0
Bahrain,,1990,0
Bahrain,,1995,0
Bahrain,,2000,0
Bahrain,,2005,0
Bahrain,,2010,0
Bahrain,,2015,0
Bangladesh,,1990,779
Bangladesh,54.0436457,1995,1200
Bangladesh,64.083333333,2000,1969
Bangladesh,135.75418994,2005,4642
Bangladesh,133.73545885,2010,10850
Bangladesh,40.976958525,2015,15296
Barbados,-99.75156904,1990,38
Barbados,60.526315789,1995,61
Barbados,88.524590164,2000,115
Barbados,-18.26086957,2005,94
Barbados,-12.76595745,2010,82
Barbados,31.707317073,2015,108
Belarus,-100,1990,0
Belarus,,1995,29
Belarus,382.75862069,2000,140
Belarus,42.142857143,2005,199
Belarus,188.94472362,2010,575
Belarus,61.217391304,2015,927
Belgium,-100,1990,0
Belgium,,1995,0
Belgium,,2000,0
Belgium,,2005,6888
Belgium,50.275842044,2010,10351
Belgium,-5.419766206,2015,9790
Belize,-99.81613892,1990,18
Belize,-22.22222222,1995,14
Belize,85.714285714,2000,26
Belize,73.076923077,2005,45
Belize,73.333333333,2010,78
Belize,8.9743589744,2015,85
Benin,18.823529412,1990,101
Benin,-0.99009901,1995,100
Benin,-13,2000,87
Benin,68.965517241,2005,147
Benin,-5.442176871,2010,139
Benin,53.956834532,2015,214
Bermuda,-100,1990,0
Bermuda,,1995,0
Bermuda,,2000,0
Bermuda,,2005,0
Bermuda,,2010,1261
Bermuda,14.591593973,2015,1445
Bhutan,-100,1990,0
Bhutan,,1995,0
Bhutan,,2000,0
Bhutan,,2005,0
Bhutan,,2010,8
Bhutan,150,2015,20
Bolivia,-75,1990,5
Bolivia,40,1995,7
Bolivia,1714.2857143,2000,127
Bolivia,165.35433071,2005,337
Bolivia,184.86646884,2010,960
Bolivia,24.0625,2015,1191
Bosnia and Herzegovina,-100,1990,0
Bosnia and Herzegovina,,1995,0
Bosnia and Herzegovina,,2000,1607
Bosnia and Herzegovina,26.820161792,2005,2038
Bosnia and Herzegovina,-10.5986261,2010,1822
Bosnia and Herzegovina,-1.152579583,2015,1801
Botswana,-95.22487507,1990,86
Botswana,-31.39534884,1995,59
Botswana,-55.93220339,2000,26
Botswana,353.84615385,2005,118
Botswana,-81.3559322,2010,22
Botswana,36.363636364,2015,30
Brazil,1810,1990,573
Brazil,478.35951134,1995,3314
Brazil,-50.30175015,2000,1647
Brazil,70.309653916,2005,2805
Brazil,9.9108734403,2010,3083
Brazil,-6.033084658,2015,2897
Brunei Darussalam,-100,1990,0
Brunei Darussalam,,1995,0
Brunei Darussalam,,2000,0
Brunei Darussalam,,2005,0
Brunei Darussalam,,2010,0
Brunei Darussalam,,2015,0
Bulgaria,,1990,0
Bulgaria,,1995,0
Bulgaria,,2000,58
Bulgaria,2681.0344828,2005,1613
Bulgaria,-10.22938624,2010,1448
Bulgaria,3.2458563536,2015,1495
Burkina Faso,-90.63545151,1990,140
Burkina Faso,-100,1995,0
Burkina Faso,,2000,67
Burkina Faso,-14.92537313,2005,57
Burkina Faso,110.52631579,2010,120
Burkina Faso,230,2015,396
Burundi,-100,1990,0
Burundi,,1995,0
Burundi,,2000,0
Burundi,,2005,0.1
Burundi,33900,2010,34
Burundi,50,2015,51
Cabo Verde,15.68627451,1990,59
Cabo Verde,79.661016949,1995,106
Cabo Verde,-17.9245283,2000,87
Cabo Verde,57.471264368,2005,137
Cabo Verde,-4.379562044,2010,131
Cabo Verde,53.435114504,2015,201
Cambodia,-100,1990,0
Cambodia,,1995,12
Cambodia,908.33333333,2000,121
Cambodia,35.537190083,2005,164
Cambodia,-6.707317073,2010,153
Cambodia,161.45098039,2015,400.02
Cameroon,-94.25028749,1990,23
Cameroon,-52.17391304,1995,11
Cameroon,172.72727273,2000,30
Cameroon,156.66666667,2005,77
Cameroon,49.350649351,2010,115
Cameroon,110.43478261,2015,242
Canada,-100,1990,0
Canada,,1995,0
Canada,,2000,0
Canada,,2005,912
Canada,31.469298246,2010,1199
Canada,10.341951626,2015,1323
Cayman Islands,-100,1990,0
Cayman Islands,,1995,0
Cayman Islands,,2000,0
Cayman Islands,,2005,0
Cayman Islands,,2010,0
Cayman Islands,,2015,0
Central African Republic,,1990,0.1
Central African Republic,-100,1995,0
Central African Republic,,2000,0
Central African Republic,,2005,0
Central African Republic,,2010,0
Central African Republic,,2015,0
Chad,,1990,0
Chad,,1995,0
Chad,,2000,0
Chad,,2005,0
Chad,,2010,0
Chad,,2015,0
Channel Islands,,1990,0
Channel Islands,,1995,0
Channel Islands,,2000,0
Channel Islands,,2005,0
Channel Islands,,2010,0
Channel Islands,,2015,0
Chile,,1990,0.4
Chile,-100,1995,0
Chile,,2000,13
Chile,0,2005,13
Chile,-100,2010,0
Chile,,2015,104
China,19.230769231,1990,124
China,182.25806452,1995,350
China,116.57142857,2000,758
China,3016.8865435,2005,23626
China,122.04351139,2010,52460
China,21.879527259,2015,63938
Colombia,-99.22581251,1990,495
Colombia,64.646464646,1995,815
Colombia,97.791411043,2000,1612
Colombia,107.56823821,2005,3346
Colombia,20.472205619,2010,4031
Colombia,16.10022327,2015,4680
Comoros,-99.78632479,1990,10
Comoros,20,1995,12
Comoros,-100,2000,0
Comoros,,2005,54
Comoros,61.111111111,2010,87
Comoros,48.034482759,2015,128.79
Congo Dem. Rep.,-100,1990,0
Congo Dem. Rep.,,1995,0
Congo Dem. Rep.,,2000,1
Congo Dem. Rep.,800,2005,9
Congo Dem. Rep.,77.777777778,2010,16
Congo Dem. Rep.,-68.75,2015,5
Congo Rep.,-100,1990,0
Congo Rep.,,1995,4
Congo Rep.,150,2000,10
Congo Rep.,10,2005,11
Congo Rep.,-100,2010,0
Congo Rep.,,2015,0
Costa Rica,,1990,12
Costa Rica,925,1995,123
Costa Rica,10.569105691,2000,136
Costa Rica,208.82352941,2005,420
Costa Rica,26.428571429,2010,531
Costa Rica,3.9548022599,2015,552
Cote d'Ivoire,-92.02898551,1990,44
Cote d'Ivoire,243.18181818,1995,151
Cote d'Ivoire,-21.19205298,2000,119
Cote d'Ivoire,36.974789916,2005,163
Cote d'Ivoire,128.83435583,2010,373
Cote d'Ivoire,-9.919571046,2015,336
Croatia,-100,1990,0
Croatia,,1995,545
Croatia,17.614678899,2000,641
Croatia,8.112324493,2005,693
Croatia,174.17027417,2010,1900
Croatia,10.736842105,2015,2104
Cuba,-100,1990,0
Cuba,,1995,0
Cuba,,2000,0
Cuba,,2005,0
Cuba,,2010,0
Cuba,,2015,0
Curacao,,1990,0
Curacao,,1995,0
Curacao,,2000,0
Curacao,,2005,0
Curacao,,2010,0
Curacao,,2015,142
Cyprus,-44.36619718,1990,79
Cyprus,-37.97468354,1995,49
Cyprus,30.612244898,2000,64
Cyprus,64.0625,2005,105
Cyprus,720.95238095,2010,862
Cyprus,-70.53364269,2015,254
Czech Republic,-100,1990,0
Czech Republic,,1995,190
Czech Republic,56.315789474,2000,297
Czech Republic,391.58249158,2005,1460
Czech Republic,-15.82191781,2010,1229
Czech Republic,117.65663141,2015,2675
Denmark,-100,1990,0
Denmark,,1995,523
Denmark,27.533460803,2000,667
Denmark,29.985007496,2005,867
Denmark,24.336793541,2010,1078
Denmark,16.419294991,2015,1255
Djibouti,-100,1990,0
Djibouti,,1995,12
Djibouti,0,2000,12
Djibouti,116.66666667,2005,26
Djibouti,26.923076923,2010,33
Djibouti,90.909090909,2015,63
Dominica,-77.77777778,1990,14
Dominica,-7.142857143,1995,13
Dominica,23.076923077,2000,16
Dominica,37.5,2005,22
Dominica,4.5454545455,2010,23
Dominica,4.347826087,2015,24
Dominican Republic,1212.5,1990,315
Dominican Republic,166.66666667,1995,840
Dominican Republic,119.04761905,2000,1840
Dominican Republic,47.77173913,2005,2719
Dominican Republic,42.956969474,2010,3887
Dominican Republic,33.676357088,2015,5196
Ecuador,-99.01847575,1990,51
Ecuador,656.8627451,1995,386
Ecuador,243.52331606,2000,1326
Ecuador,85.520361991,2005,2460
Ecuador,5.6504065041,2010,2599
Ecuador,-8.118507118,2015,2388
Egypt Arab Rep.,79.229480737,1990,4280
Egypt Arab Rep.,-24.53271028,1995,3230
Egypt Arab Rep.,-11.76470588,2000,2850
Egypt Arab Rep.,76.035087719,2005,5017
Egypt Arab Rep.,148.21606538,2010,12453
Egypt Arab Rep.,47.153296394,2015,18325
El Salvador,-97.99727149,1990,367
El Salvador,189.64577657,1995,1063
El Salvador,66.039510818,2000,1765
El Salvador,71.614730878,2005,3029
El Salvador,14.625288874,2010,3472
El Salvador,23.502304147,2015,4288
Equatorial Guinea,-100,1990,0
Equatorial Guinea,,1995,0.1
Equatorial Guinea,-100,2000,0
Equatorial Guinea,,2005,0
Equatorial Guinea,,2010,0
Equatorial Guinea,,2015,0
Eritrea,,1990,0
Eritrea,,1995,0
Eritrea,,2000,3
Eritrea,-100,2005,0
Eritrea,,2010,0
Eritrea,,2015,0
Estonia,,1990,0
Estonia,,1995,1
Estonia,300,2000,4
Estonia,6500,2005,264
Estonia,35.227272727,2010,357
Estonia,24.929971989,2015,446
Ethiopia,-98.87892377,1990,5
Ethiopia,440,1995,27
Ethiopia,96.296296296,2000,53
Ethiopia,228.30188679,2005,174
Ethiopia,98.275862069,2010,345
Ethiopia,215.07246377,2015,1087
Faeroe Islands,-100,1990,0
Faeroe Islands,,1995,0
Faeroe Islands,,2000,43
Faeroe Islands,86.046511628,2005,80
Faeroe Islands,82.5,2010,146
Faeroe Islands,8.2191780822,2015,158
Fiji,-86.07594937,1990,22
Fiji,50,1995,33
Fiji,33.333333333,2000,44
Fiji,363.63636364,2005,204
Fiji,-14.70588235,2010,174
Fiji,44.252873563,2015,251
Finland,-74.90039841,1990,63
Finland,17.46031746,1995,74
Finland,539.18918919,2000,473
Finland,46.511627907,2005,693
Finland,29.004329004,2010,894
Finland,-9.843400447,2015,806
France,400.49627792,1990,4034
France,14.923153198,1995,4636
France,85.720448663,2000,8610
France,65.06387921,2005,14212
France,40.043625106,2010,19903
France,19.409134301,2015,23766
French Polynesia,-100,1990,0
French Polynesia,,1995,0
French Polynesia,,2000,0
French Polynesia,,2005,557
French Polynesia,16.876122083,2010,651
French Polynesia,1.0752688172,2015,658
Gabon,-100,1990,0
Gabon,,1995,4
Gabon,50,2000,6
Gabon,83.333333333,2005,11
Gabon,-100,2010,0
Gabon,,2015,0
Gambia The,,1990,0
Gambia The,,1995,0
Gambia The,,2000,0
Gambia The,,2005,59
Gambia The,96.610169492,2010,116
Gambia The,17.24137931,2015,136
Georgia,-100,1990,0
Georgia,,1995,0
Georgia,,2000,210
Georgia,112.38095238,2005,446
Georgia,165.47085202,2010,1184
Georgia,23.226351351,2015,1459
Germany,234.33858807,1990,4878
Germany,-7.216072161,1995,4526
Germany,-19.57578436,2000,3640
Germany,88.653846154,2005,6867
Germany,86.28221931,2010,12792
Germany,26.117886179,2015,16133
Ghana,-99.96280915,1990,6
Ghana,183.33333333,1995,17
Ghana,88.235294118,2000,32
Ghana,209.375,2005,99
Ghana,37.373737374,2010,136
Ghana,1444.1176471,2015,2100
Greece,-13.23809524,1990,1822
Greece,80.241492865,1995,3284
Greece,-33.28258222,2000,2191
Greece,-44.31766317,2005,1220
Greece,22.868852459,2010,1499
Greece,-71.38092061,2015,429
Greenland,-100,1990,0
Greenland,,1995,0
Greenland,,2000,0
Greenland,,2005,0
Greenland,,2010,0
Greenland,,2015,0
Grenada,,1990,18
Grenada,111.11111111,1995,38
Grenada,21.052631579,2000,46
Grenada,-41.30434783,2005,27
Grenada,3.7037037037,2010,28
Grenada,7.1428571429,2015,30
Guam,-100,1990,0
Guam,,1995,0
Guam,,2000,0
Guam,,2005,0
Guam,,2010,0
Guam,,2015,0
Guatemala,,1990,119
Guatemala,200.84033613,1995,358
Guatemala,66.480446927,2000,596
Guatemala,414.59731544,2005,3067
Guatemala,37.98500163,2010,4232
Guatemala,55.316635161,2015,6573
Guinea,-100,1990,0
Guinea,,1995,1
Guinea,0,2000,1
Guinea,4100,2005,42
Guinea,9.5238095238,2010,46
Guinea,184.7826087,2015,131
Guinea-Bissau,-99.23664122,1990,1
Guinea-Bissau,-100,1995,0
Guinea-Bissau,,2000,0
Guinea-Bissau,,2005,20
Guinea-Bissau,130,2010,46
Guinea-Bissau,84.782608696,2015,85
Guyana,-100,1990,0
Guyana,,1995,2
Guyana,1250,2000,27
Guyana,644.44444444,2005,201
Guyana,83.084577114,2010,368
Guyana,-20.10869565,2015,294
Haiti,-100,1990,0
Haiti,,1995,0
Haiti,,2000,578
Haiti,70.588235294,2005,986
Haiti,49.492900609,2010,1474
Haiti,48.982360923,2015,2196
Honduras,-97.13114754,1990,63
Honduras,96.825396825,1995,124
Honduras,290.32258065,2000,484
Honduras,272.9338843,2005,1805
Honduras,45.041551247,2010,2618
Honduras,40.030557678,2015,3666
Hong Kong SAR China,-100,1990,0
Hong Kong SAR China,,1995,0
Hong Kong SAR China,,2000,136
Hong Kong SAR China,118.38235294,2005,297
Hong Kong SAR China,14.478114478,2010,340
Hong Kong SAR China,13.823529412,2015,387
Hungary,-100,1990,0
Hungary,,1995,152
Hungary,84.868421053,2000,281
Hungary,580.78291815,2005,1913
Hungary,8.1547307893,2010,2069
Hungary,113.53310778,2015,4418
Iceland,-98.59665007,1990,62
Iceland,1.6129032258,1995,63
Iceland,39.682539683,2000,88
Iceland,-29.54545455,2005,62
Iceland,117.74193548,2010,135
Iceland,52.592592593,2015,206
India,1056.3106796,1990,2382
India,161.29303107,1995,6224
India,106.3785347,2000,12845
India,72.246010121,2005,22125
India,141.71751412,2010,53480
India,28.851907255,2015,68910
Indonesia,-99.75910608,1990,166
Indonesia,292.1686747,1995,651
Indonesia,82.795698925,2000,1190
Indonesia,355.46218487,2005,5420
Indonesia,27.601476015,2010,6916
Indonesia,39.661654135,2015,9659
Iran Islamic Rep.,-100,1990,0
Iran Islamic Rep.,,1995,1600
Iran Islamic Rep.,-66.5,2000,536
Iran Islamic Rep.,92.537313433,2005,1032
Iran Islamic Rep.,14.437984496,2010,1181
Iran Islamic Rep.,12.616426757,2015,1330
Iraq,-100,1990,0
Iraq,,1995,0
Iraq,,2000,0
Iraq,,2005,711
Iraq,-75.10548523,2010,177
Iraq,467.23163842,2015,1004
Ireland,-71.51394422,1990,286
Ireland,21.328671329,1995,347
Ireland,-27.37752161,2000,252
Ireland,103.57142857,2005,513
Ireland,28.265107212,2010,658
Ireland,-8.662613982,2015,601
Isle of Man,-100,1990,0
Isle of Man,,1995,0
Isle of Man,,2000,0
Isle of Man,,2005,0
Isle of Man,,2010,0
Isle of Man,,2015,0
Israel,,1990,812
Israel,-13.66995074,1995,701
Israel,-42.93865906,2000,400
Israel,-5.75,2005,377
Israel,51.724137931,2010,572
Israel,49.125874126,2015,853
Italy,494.13833529,1990,5068
Italy,-53.43330702,1995,2360
Italy,-17.96610169,2000,1936
Italy,19.731404959,2005,2318
Italy,244.13287317,2010,7977
Italy,19.305503322,2015,9517
Jamaica,-97.59377955,1990,229
Jamaica,185.15283843,1995,653
Jamaica,36.600306279,2000,892
Jamaica,97.533632287,2005,1762
Jamaica,14.982973893,2010,2026
Jamaica,16.535044423,2015,2361
Japan,-100,1990,0
Japan,,1995,1150
Japan,19.47826087,2000,1374
Japan,-34.13391557,2005,905
Japan,86.077348066,2010,1684
Japan,97.446555819,2015,3325
Jordan,-84.9924812,1990,499
Jordan,187.9759519,1995,1437
Jordan,28.392484342,2000,1845
Jordan,31.219512195,2005,2421
Jordan,49.648905411,2010,3623
Jordan,47.612475849,2015,5348
Kazakhstan,-100,1990,0
Kazakhstan,,1995,116
Kazakhstan,5.1724137931,2000,122
Kazakhstan,-49.18032787,2005,62
Kazakhstan,264.51612903,2010,226
Kazakhstan,-14.15929204,2015,194
Kenya,-95.87628866,1990,8
Kenya,987.5,1995,87
Kenya,-100,2000,0
Kenya,,2005,425
Kenya,61.411764706,2010,686
Kenya,127.55102041,2015,1561
Kiribati,-100,1990,0
Kiribati,,1995,0
Kiribati,,2000,0
Kiribati,,2005,0
Kiribati,,2010,15
Kiribati,6.6666666667,2015,16
Korea Dem. Rep.,-100,1990,0
Korea Dem. Rep.,,1995,0
Korea Dem. Rep.,,2000,0
Korea Dem. Rep.,,2005,0
Korea Dem. Rep.,,2010,0
Korea Dem. Rep.,,2015,0
Korea Rep.,,1990,2412
Korea Rep.,44.859038143,1995,3494
Korea Rep.,39.152833429,2000,4862
Korea Rep.,6.49938297,2005,5178
Korea Rep.,12.707609115,2010,5836
Korea Rep.,10.418094585,2015,6444
Kosovo,-100,1990,0
Kosovo,,1995,0
Kosovo,,2000,0
Kosovo,,2005,701
Kosovo,42.225392297,2010,997
Kosovo,-2.60782347,2015,971
Kuwait,-100,1990,0
Kuwait,,1995,0
Kuwait,,2000,0
Kuwait,,2005,0
Kuwait,,2010,5
Kuwait,580,2015,34
Kyrgyz Republic,-100,1990,0
Kyrgyz Republic,,1995,1
Kyrgyz Republic,800,2000,9
Kyrgyz Republic,3377.7777778,2005,313
Kyrgyz Republic,304.47284345,2010,1266
Kyrgyz Republic,33.333333333,2015,1688
Lao PDR,-99.34834123,1990,11
Lao PDR,100,1995,22
Lao PDR,-95.45454545,2000,1
Lao PDR,0,2005,1
Lao PDR,4100,2010,42
Lao PDR,121.42857143,2015,93
Latvia,-100,1990,0
Latvia,,1995,0
Latvia,,2000,72
Latvia,429.16666667,2005,381
Latvia,230.18372703,2010,1258
Latvia,7.6311605723,2015,1354
Lebanon,-100,1990,0
Lebanon,,1995,0
Lebanon,,2000,0
Lebanon,,2005,4924
Lebanon,40.414297319,2010,6914
Lebanon,8.2007520972,2015,7481
Lesotho,-94.27883973,1990,428
Lesotho,-3.971962617,1995,411
Lesotho,16.301703163,2000,478
Lesotho,25.313807531,2005,599
Lesotho,1.83639399,2010,610
Lesotho,-39.18032787,2015,371
Liberia,-100,1990,0
Liberia,,1995,0
Liberia,,2000,0
Liberia,,2005,32
Liberia,-3.125,2010,31
Liberia,1967.7419355,2015,641
Libya,-100,1990,0
Libya,,1995,0
Libya,,2000,9
Libya,66.666666667,2005,15
Libya,-100,2010,0
Libya,,2015,0
Liechtenstein,,1990,0
Liechtenstein,,1995,0
Liechtenstein,,2000,0
Liechtenstein,,2005,0
Liechtenstein,,2010,0
Liechtenstein,,2015,0
Lithuania,,1990,0
Lithuania,,1995,1
Lithuania,4900,2000,50
Lithuania,1390,2005,745
Lithuania,124.56375839,2010,1673
Lithuania,-17.9916318,2015,1372
Luxembourg,-100,1990,0
Luxembourg,,1995,730
Luxembourg,-20.68493151,2000,579
Luxembourg,107.08117444,2005,1199
Luxembourg,37.864887406,2010,1653
Luxembourg,-1.08892922,2015,1635
Macao SAR China,-100,1990,0
Macao SAR China,,1995,0
Macao SAR China,,2000,0
Macao SAR China,,2005,53
Macao SAR China,-11.32075472,2010,47
Macao SAR China,21.276595745,2015,57
Macedonia FYR,-100,1990,0
Macedonia FYR,,1995,0
Macedonia FYR,,2000,81
Macedonia FYR,180.24691358,2005,227
Macedonia FYR,70.925110132,2010,388
Macedonia FYR,-20.87628866,2015,307
Madagascar,-97.39413681,1990,8
Madagascar,75,1995,14
Madagascar,-21.42857143,2000,11
Madagascar,945.45454545,2005,115
Madagascar,375.65217391,2010,547
Madagascar,-50.27422303,2015,272
Malawi,-100,1990,0
Malawi,,1995,1
Malawi,0,2000,1
Malawi,2200,2005,23
Malawi,-4.347826087,2010,22
Malawi,54.545454545,2015,34
Malaysia,444.11764706,1990,185
Malaysia,-37.2972973,1995,116
Malaysia,194.82758621,2000,342
Malaysia,226.60818713,2005,1117
Malaysia,-1.253357207,2010,1103
Malaysia,49.048050771,2015,1644
Maldives,-99.8783455,1990,2
Maldives,0,1995,2
Maldives,0,2000,2
Maldives,0,2005,2
Maldives,50,2010,3
Maldives,33.333333333,2015,4
Mali,2575,1990,107
Mali,4.6728971963,1995,112
Mali,-34.82142857,2000,73
Mali,142.46575342,2005,177
Mali,167.23163842,2010,473
Mali,94.503171247,2015,920
Malta,-93.69565217,1990,58
Malta,-67.24137931,1995,19
Malta,5.2631578947,2000,20
Malta,70,2005,34
Malta,576.47058824,2010,230
Malta,-1.739130435,2015,226
Marshall Islands,-100,1990,0
Marshall Islands,,1995,0
Marshall Islands,,2000,0
Marshall Islands,,2005,24
Marshall Islands,-8.333333333,2010,22
Marshall Islands,18.181818182,2015,26
Mauritania,-46.15384615,1990,14
Mauritania,-64.28571429,1995,5
Mauritania,-100,2000,0
Mauritania,,2005,0
Mauritania,,2010,0
Mauritania,,2015,0
Mauritius,,1990,0
Mauritius,,1995,132
Mauritius,34.090909091,2000,177
Mauritius,21.468926554,2005,215
Mauritius,5.1162790698,2010,226
Mauritius,10.17699115,2015,249
Mexico,1143.373494,1990,3096
Mexico,40.988372093,1995,4365
Mexico,72.325315006,2000,7522
Mexico,202.33980324,2005,22742
Mexico,-2.910913728,2010,22080
Mexico,18.808876812,2015,26233
Micronesia Fed. Sts.,-100,1990,0
Micronesia Fed. Sts.,,1995,0
Micronesia Fed. Sts.,,2000,0
Micronesia Fed. Sts.,,2005,0
Micronesia Fed. Sts.,,2010,18
Micronesia Fed. Sts.,27.777777778,2015,23
Moldova,-100,1990,0
Moldova,,1995,1
Moldova,17800,2000,179
Moldova,411.17318436,2005,915
Moldova,47.650273224,2010,1351
Moldova,13.989637306,2015,1540
Monaco,-100,1990,0
Monaco,,1995,0
Monaco,,2000,0
Monaco,,2005,0
Monaco,,2010,0
Monaco,,2015,0
Mongolia,,1990,0
Mongolia,,1995,0
Mongolia,,2000,12
Mongolia,1400,2005,180
Mongolia,47.777777778,2010,266
Mongolia,-1.879699248,2015,261
Montenegro,-100,1990,0
Montenegro,,1995,0
Montenegro,,2000,0
Montenegro,,2005,0
Montenegro,,2010,301
Montenegro,26.57807309,2015,381
Morocco,427.55905512,1990,2010
Morocco,-1.990049751,1995,1970
Morocco,9.6446700508,2000,2160
Morocco,112.4537037,2005,4589
Morocco,39.965134016,2010,6423
Morocco,7.4887124397,2015,6904
Mozambique,-98.98609502,1990,70
Mozambique,-15.71428571,1995,59
Mozambique,-37.28813559,2000,37
Mozambique,59.459459459,2005,59
Mozambique,96.610169492,2010,116
Mozambique,23.275862069,2015,143
Myanmar,-95.8041958,1990,6
Myanmar,1250,1995,81
Myanmar,25.925925926,2000,102
Myanmar,26.470588235,2005,129
Myanmar,-10.85271318,2010,115
Myanmar,236.52173913,2015,387
Namibia,-96.64082687,1990,13
Namibia,23.076923077,1995,16
Namibia,-43.75,2000,9
Namibia,100,2005,18
Namibia,-16.66666667,2010,15
Namibia,-40,2015,9
Nepal,-100,1990,0
Nepal,,1995,57
Nepal,96.49122807,2000,112
Nepal,982.14285714,2005,1212
Nepal,185.80858086,2010,3464
Nepal,94.284064665,2015,6730
Netherlands,-89.45022288,1990,710
Netherlands,91.408450704,1995,1359
Netherlands,-14.79028698,2000,1158
Netherlands,8.7219343696,2005,1259
Netherlands,36.616362192,2010,1720
Netherlands,-20.63953488,2015,1365
New Caledonia,-100,1990,0
New Caledonia,,1995,0
New Caledonia,,2000,0
New Caledonia,,2005,512
New Caledonia,-3.90625,2010,492
New Caledonia,47.967479675,2015,728
New Zealand,4.532967033,1990,761
New Zealand,116.81997372,1995,1650
New Zealand,-85.6969697,2000,236
New Zealand,49.152542373,2005,352
New Zealand,5.3977272727,2010,371
New Zealand,13.477088949,2015,421
Nicaragua,-100,1990,0
Nicaragua,,1995,75
Nicaragua,326.66666667,2000,320
Nicaragua,92.5,2005,616
Nicaragua,33.928571429,2010,825
Nicaragua,45.212121212,2015,1198
Niger,-98.83138564,1990,14
Niger,-42.85714286,1995,8
Niger,75,2000,14
Niger,371.42857143,2005,66
Niger,103.03030303,2010,134
Niger,28.358208955,2015,172
Nigeria,-94.18604651,1990,10
Nigeria,7940,1995,804
Nigeria,72.885572139,2000,1390
Nigeria,953.23741007,2005,14640
Nigeria,34.870218579,2010,19745
Nigeria,6.6599139023,2015,21060
Northern Mariana Islands,-100,1990,0
Northern Mariana Islands,,1995,0
Northern Mariana Islands,,2000,0
Northern Mariana Islands,,2005,0
Northern Mariana Islands,,2010,0
Northern Mariana Islands,,2015,0
Norway,,1990,158
Norway,51.265822785,1995,239
Norway,12.970711297,2000,270
Norway,87.037037037,2005,505
Norway,34.653465347,2010,680
Norway,-10.44117647,2015,609
Oman,-93.59605911,1990,39
Oman,0,1995,39
Oman,0,2000,39
Oman,0,2005,39
Oman,0,2010,39
Oman,0,2015,39
Pakistan,5053.8461538,1990,2010
Pakistan,-14.92537313,1995,1710
Pakistan,-36.84210526,2000,1080
Pakistan,296.2962963,2005,4280
Pakistan,126.40186916,2010,9690
Pakistan,99.236326109,2015,19306
Palau,-100,1990,0
Palau,,1995,0
Palau,,2000,0
Palau,,2005,1
Palau,100,2010,2
Palau,0,2015,2
Panama,5400,1990,110
Panama,1.8181818182,1995,112
Panama,-85.71428571,2000,16
Panama,712.5,2005,130
Panama,215.38461538,2010,410
Panama,36.585365854,2015,560
Papua New Guinea,-99.10714286,1990,5
Papua New Guinea,220,1995,16
Papua New Guinea,-56.25,2000,7
Papua New Guinea,0,2005,7
Papua New Guinea,-57.14285714,2010,3
Papua New Guinea,233.33333333,2015,10
Paraguay,240,1990,34
Paraguay,744.11764706,1995,287
Paraguay,-3.135888502,2000,278
Paraguay,-42.08633094,2005,161
Paraguay,154.65838509,2010,410
Paraguay,35.12195122,2015,554
Peru,-84.29602888,1990,87
Peru,588.50574713,1995,599
Peru,19.866444073,2000,718
Peru,100.55710306,2005,1440
Peru,75.972222222,2010,2534
Peru,7.5374901342,2015,2725
Philippines,-46.34862385,1990,1462
Philippines,266.75786594,1995,5362
Philippines,29.746363297,2000,6957
Philippines,97.398303867,2005,13733
Philippines,49.73421685,2010,20563
Philippines,44.915625152,2015,29799
Poland,-100,1990,0
Poland,,1995,724
Poland,106.62983425,2000,1496
Poland,332.55347594,2005,6471
Poland,18.358831711,2010,7659
Poland,-11.43752448,2015,6783
Portugal,-34.01149934,1990,4476
Portugal,-11.7515639,1995,3950
Portugal,-11.49367089,2000,3496
Portugal,-12.44279176,2005,3061
Portugal,21.724926495,2010,3726
Portugal,17.096081589,2015,4363
Puerto Rico,-100,1990,0
Puerto Rico,,1995,0
Puerto Rico,,2000,0
Puerto Rico,,2005,0
Puerto Rico,,2010,0
Puerto Rico,,2015,0
Qatar,,1990,0
Qatar,,1995,0
Qatar,,2000,0
Qatar,,2005,0
Qatar,,2010,0
Qatar,,2015,437
Romania,-100,1990,0
Romania,,1995,9
Romania,966.66666667,2000,96
Romania,4804.1666667,2005,4708
Romania,-86.38487681,2010,641
Romania,381.27925117,2015,3085
Russian Federation,-100,1990,0
Russian Federation,,1995,2506
Russian Federation,-49.12210694,2000,1275
Russian Federation,169.56862745,2005,3437
Russian Federation,52.749490835,2010,5250
Russian Federation,31.485714286,2015,6903
Rwanda,-99.95654063,1990,3
Rwanda,600,1995,21
Rwanda,-66.66666667,2000,7
Rwanda,28.571428571,2005,9
Rwanda,1077.7777778,2010,106
Rwanda,50,2015,159
Samoa,-72.95597484,1990,43
Samoa,-4.651162791,1995,41
Samoa,-100,2000,0
Samoa,,2005,82
Samoa,69.512195122,2010,139
Samoa,-5.755395683,2015,131
San Marino,-100,1990,0
San Marino,,1995,0
San Marino,,2000,0
San Marino,,2005,0
San Marino,,2010,0
San Marino,,2015,0
Sao Tome and Principe,,1990,0
Sao Tome and Principe,,1995,0
Sao Tome and Principe,,2000,0.5
Sao Tome and Principe,300,2005,2
Sao Tome and Principe,200,2010,6
Sao Tome and Principe,233.33333333,2015,20
Saudi Arabia,-100,1990,0
Saudi Arabia,,1995,0
Saudi Arabia,,2000,0
Saudi Arabia,,2005,94
Saudi Arabia,151.06382979,2010,236
Saudi Arabia,25,2015,295
Senegal,-51.86440678,1990,142
Senegal,2.8169014085,1995,146
Senegal,59.589041096,2000,233
Senegal,238.62660944,2005,789
Senegal,87.325728771,2010,1478
Senegal,30.51420839,2015,1929
Serbia,-100,1990,0
Serbia,,1995,0
Serbia,,2000,0
Serbia,,2005,0
Serbia,,2010,4118
Serbia,-18.13987373,2015,3371
Seychelles,-99.7626817,1990,8
Seychelles,-87.5,1995,1
Seychelles,200,2000,3
Seychelles,300,2005,12
Seychelles,41.666666667,2010,17
Seychelles,5.8823529412,2015,18
Sierra Leone,-100,1990,0
Sierra Leone,,1995,24
Sierra Leone,-70.83333333,2000,7
Sierra Leone,-71.42857143,2005,2
Sierra Leone,2100,2010,44
Sierra Leone,9.0909090909,2015,48
Singapore,-100,1990,0
Singapore,,1995,0
Singapore,,2000,0
Singapore,,2005,0
Singapore,,2010,0
Singapore,,2015,0
Sint Maarten (Dutch part),,1990,0
Sint Maarten (Dutch part),,1995,0
Sint Maarten (Dutch part),,2000,0
Sint Maarten (Dutch part),,2005,0
Sint Maarten (Dutch part),,2010,0
Sint Maarten (Dutch part),,2015,55
Slovak Republic,-100,1990,0
Slovak Republic,,1995,26
Slovak Republic,-30.76923077,2000,18
Slovak Republic,5155.5555556,2005,946
Slovak Republic,68.181818182,2010,1591
Slovak Republic,34.38089252,2015,2138
Slovenia,-100,1990,0
Slovenia,,1995,272
Slovenia,-24.63235294,2000,205
Slovenia,27.317073171,2005,261
Slovenia,32.950191571,2010,347
Slovenia,21.902017291,2015,423
Solomon Islands,-100,1990,0
Solomon Islands,,1995,0
Solomon Islands,,2000,4
Solomon Islands,75,2005,7
Solomon Islands,100,2010,14
Solomon Islands,32.771428571,2015,18.588
Somalia,-100,1990,0
Somalia,,1995,0
Somalia,,2000,0
Somalia,,2005,0
Somalia,,2010,0
Somalia,,2015,0
South Africa,,1990,135
South Africa,-22.22222222,1995,105
South Africa,227.61904762,2000,344
South Africa,78.488372093,2005,614
South Africa,74.267100977,2010,1070
South Africa,-22.89719626,2015,825
South Sudan,-100,1990,0
South Sudan,,1995,0
South Sudan,,2000,0
South Sudan,,2005,0
South Sudan,,2010,0
South Sudan,,2015,0
Spain,,1990,2190
Spain,48.03652968,1995,3242
Spain,49.969154843,2000,4862
Spain,37.021801728,2005,6662
Spain,30.366256379,2010,8685
Spain,18.376511226,2015,10281
Sri Lanka,-96.09960121,1990,401
Sri Lanka,101.74563591,1995,809
Sri Lanka,43.757725587,2000,1163
Sri Lanka,69.905417025,2005,1976
Sri Lanka,108.65384615,2010,4123
Sri Lanka,69.779286927,2015,7000
St. Kitts and Nevis,-99.72857143,1990,19
St. Kitts and Nevis,5.2631578947,1995,20
St. Kitts and Nevis,35,2000,27
St. Kitts and Nevis,11.111111111,2005,30
St. Kitts and Nevis,56.666666667,2010,47
St. Kitts and Nevis,10.638297872,2015,52
St. Lucia,-69.23076923,1990,16
St. Lucia,43.75,1995,23
St. Lucia,13.043478261,2000,26
St. Lucia,3.8461538462,2005,27
St. Lucia,7.4074074074,2010,29
St. Lucia,3.4482758621,2015,30
St. Martin (French part),-100,1990,0
St. Martin (French part),,1995,0
St. Martin (French part),,2000,0
St. Martin (French part),,2005,0
St. Martin (French part),,2010,0
St. Martin (French part),,2015,0
St. Vincent and the Grenadines,,1990,16
St. Vincent and the Grenadines,6.25,1995,17
St. Vincent and the Grenadines,29.411764706,2000,22
St. Vincent and the Grenadines,0,2005,22
St. Vincent and the Grenadines,31.818181818,2010,29
St. Vincent and the Grenadines,10.344827586,2015,32
Sudan,93.75,1990,62
Sudan,458.06451613,1995,346
Sudan,85.260115607,2000,641
Sudan,9.8283931357,2005,704
Sudan,106.81818182,2010,1456
Sudan,-89.62912088,2015,151
Suriname,-99.33774834,1990,1
Suriname,-100,1995,0
Suriname,,2000,0
Suriname,,2005,4
Suriname,0,2010,4
Suriname,75,2015,7
Swaziland,1514.2857143,1990,113
Swaziland,-26.54867257,1995,83
Swaziland,-31.3253012,2000,57
Swaziland,66.666666667,2005,95
Swaziland,-42.10526316,2010,55
Swaziland,-65.45454545,2015,19
Sweden,705.26315789,1990,153
Sweden,87.581699346,1995,287
Sweden,52.613240418,2000,438
Sweden,53.652968037,2005,673
Sweden,13.224368499,2010,762
Sweden,341.46981627,2015,3364
Switzerland,-72.53269917,1990,924
Switzerland,59.956709957,1995,1478
Switzerland,-24.22192152,2000,1120
Switzerland,53.660714286,2005,1721
Switzerland,44.973852411,2010,2495
Switzerland,2.3246492986,2015,2553
Syrian Arab Republic,-84.91970231,1990,385
Syrian Arab Republic,-11.94805195,1995,339
Syrian Arab Republic,-46.90265487,2000,180
Syrian Arab Republic,357.22222222,2005,823
Syrian Arab Republic,97.205346294,2010,1623
Syrian Arab Republic,0,2015,1623
Tajikistan,-100,1990,0
Tajikistan,,1995,0
Tajikistan,,2000,0
Tajikistan,,2005,467
Tajikistan,393.79014989,2010,2306
Tajikistan,-2.038161318,2015,2259
Tanzania,-100,1990,0
Tanzania,,1995,1
Tanzania,700,2000,8
Tanzania,137.5,2005,19
Tanzania,1710.5263158,2010,344
Tanzania,12.790697674,2015,388
Thailand,150.77319588,1990,973
Thailand,74.717368962,1995,1700
Thailand,0,2000,1700
Thailand,-30.17647059,2005,1187
Thailand,201.60067397,2010,3580
Thailand,64.664804469,2015,5895
Timor-Leste,-100,1990,0
Timor-Leste,,1995,0
Timor-Leste,,2000,0
Timor-Leste,,2005,0
Timor-Leste,,2010,137
Timor-Leste,-54.74452555,2015,62
Togo,-56.4516129,1990,27
Togo,-44.44444444,1995,15
Togo,126.66666667,2000,34
Togo,467.64705882,2005,193
Togo,74.611398964,2010,337
Togo,8.0118694362,2015,364
Tonga,-93.40659341,1990,24
Tonga,-100,1995,0
Tonga,,2000,0
Tonga,,2005,69
Tonga,11.594202899,2010,77
Tonga,3.8961038961,2015,80
Trinidad and Tobago,-96.25,1990,3
Trinidad and Tobago,966.66666667,1995,32
Trinidad and Tobago,18.75,2000,38
Trinidad and Tobago,142.10526316,2005,92
Trinidad and Tobago,-1.086956522,2010,91
Trinidad and Tobago,68.131868132,2015,153
Tunisia,260.13071895,1990,551
Tunisia,23.411978221,1995,680
Tunisia,17.058823529,2000,796
Tunisia,75,2005,1393
Tunisia,48.097631012,2010,2063
Tunisia,-4.459524964,2015,1971
Turkey,64.890918316,1990,3250
Turkey,2.4615384615,1995,3330
Turkey,36.936936937,2000,4560
Turkey,-80.54824561,2005,887
Turkey,105.07328072,2010,1819
Turkey,-23.30951072,2015,1395
Turkmenistan,-100,1990,0
Turkmenistan,,1995,0
Turkmenistan,,2000,0
Turkmenistan,,2005,0
Turkmenistan,,2010,35
Turkmenistan,-54.28571429,2015,16
Turks and Caicos Islands,-100,1990,0
Turks and Caicos Islands,,1995,0
Turks and Caicos Islands,,2000,0
Turks and Caicos Islands,,2005,0
Turks and Caicos Islands,,2010,0
Turks and Caicos Islands,,2015,0
Tuvalu,,1990,0
Tuvalu,,1995,0
Tuvalu,,2000,0
Tuvalu,,2005,5
Tuvalu,-20,2010,4
Tuvalu,0,2015,4
Uganda,-100,1990,0
Uganda,,1995,0
Uganda,,2000,238
Uganda,35.294117647,2005,322
Uganda,139.44099379,2010,771
Uganda,16.990920882,2015,902
Ukraine,-100,1990,0
Ukraine,,1995,0
Ukraine,,2000,33
Ukraine,7196.969697,2005,2408
Ukraine,171.38704319,2010,6535
Ukraine,-10.55853099,2015,5845
United Arab Emirates,-100,1990,0
United Arab Emirates,,1995,0
United Arab Emirates,,2000,0
United Arab Emirates,,2005,0
United Arab Emirates,,2010,0
United Arab Emirates,,2015,0
United Kingdom,,1990,2097
United Kingdom,17.787315212,1995,2470
United Kingdom,46.153846154,2000,3610
United Kingdom,-50.74792244,2005,1778
United Kingdom,178.45894263,2010,4951
United Kingdom,1.0502928701,2015,5003
United States,-76.61403158,1990,1170
United States,86.324786325,1995,2180
United States,101.83486239,2000,4400
United States,8.9772727273,2005,4795
United States,23.670490094,2010,5930
United States,10.65767285,2015,6562
Uruguay,-100,1990,0
Uruguay,,1995,0
Uruguay,,2000,0
Uruguay,,2005,77
Uruguay,62.337662338,2010,125
Uruguay,-7.2,2015,116
Uzbekistan,-100,1990,0
Uzbekistan,,1995,0
Uzbekistan,,2000,0
Uzbekistan,,2005,0
Uzbekistan,,2010,2858
Uzbekistan,7.1378586424,2015,3062
Vanuatu,-99.73873285,1990,8
Vanuatu,75,1995,14
Vanuatu,150,2000,35
Vanuatu,-85.71428571,2005,5
Vanuatu,140,2010,12
Vanuatu,100,2015,24
Venezuela RB,-95.83333333,1990,1
Venezuela RB,100,1995,2
Venezuela RB,750,2000,17
Venezuela RB,770.58823529,2005,148
Venezuela RB,-3.378378378,2010,143
Venezuela RB,12.587412587,2015,161
Vietnam,-100,1990,0
Vietnam,,1995,0
Vietnam,,2000,1340
Vietnam,135.07462687,2005,3150
Vietnam,162.22222222,2010,8260
Vietnam,59.8062954,2015,13200
Virgin Islands (U.S.),-100,1990,0
Virgin Islands (U.S.),,1995,0
Virgin Islands (U.S.),,2000,0
Virgin Islands (U.S.),,2005,0
Virgin Islands (U.S.),,2010,0
Virgin Islands (U.S.),,2015,0
West Bank and Gaza,,1990,0
West Bank and Gaza,,1995,582
West Bank and Gaza,73.5395189,2000,1010
West Bank and Gaza,-36.33663366,2005,643
West Bank and Gaza,44.167962675,2010,927
West Bank and Gaza,96.979503776,2015,1826
Yemen Rep.,-17.85323111,1990,1500
Yemen Rep.,-28,1995,1080
Yemen Rep.,19.444444444,2000,1290
Yemen Rep.,-0.542635659,2005,1283
Yemen Rep.,18.939984412,2010,1526
Yemen Rep.,119.59370904,2015,3351
Zambia,-100,1990,0
Zambia,,1995,0
Zambia,,2000,0
Zambia,,2005,53
Zambia,-16.98113208,2010,44
Zambia,6.8181818182,2015,47
Zimbabwe,-97.87234043,1990,1
Zimbabwe,-100,1995,0
Zimbabwe,,2000,0
Zimbabwe,,2005,0
Zimbabwe,,2010,0
Zimbabwe,,2015,0
