type,code
More developed,USA
More developed,RUS
More developed,DEU
More developed,FRA
More developed,GBR
More developed,CAN
More developed,AUS
More developed,UKR
More developed,ITA
More developed,ESP
More developed,JPN
More developed,CHE
More developed,NLD
More developed,AUT
More developed,SWE
More developed,GRC
More developed,BLR
More developed,BEL
More developed,SRB
More developed,NZL
More developed,POL
More developed,PRT
More developed,IRL
More developed,HRV
More developed,NOR
More developed,DNK
More developed,HUN
More developed,LVA
More developed,CZE
More developed,FIN
More developed,GRL
Less developed,SAU
Less developed,IND
Less developed,ARE
Less developed,PAK
Less developed,KAZ
Less developed,TUR
Less developed,THA
Less developed,JOR
Less developed,HKG
Less developed,IRN
Less developed,CIV
Less developed,KWT
Less developed,ZAF
Less developed,MYS
Less developed,ARG
Less developed,SGP
Less developed,ISR
Less developed,LBN
Less developed,VEN
Less developed,UZB
Less developed,OMN
Less developed,QAT
Less developed,MEX
Less developed,NGA
Less developed,KEN
Less developed,SYR
Less developed,KOR
Less developed,LBY
Less developed,BRA
Less developed,CHN
Less developed,PHL
Least developed,BGD
Least developed,UGA
Least developed,COD
Least developed,ETH
Least developed,SDN
Least developed,TZA
Least developed,BFA
Least developed,NPL
Least developed,SSD
Least developed,RWA
Least developed,TCD
Least developed,GIN
Least developed,YEM
Least developed,BDI
Least developed,MLI
Least developed,TGO
Least developed,AGO
Least developed,SEN
Least developed,ZMB
Least developed,MWI
Least developed,NER
Least developed,GMB
Least developed,BEN
Least developed,MOZ
Least developed,AFG
Least developed,LBR
Least developed,MRT
Least developed,SLE
Least developed,DJI
Least developed,KHM
